name,nameful,name_point,name_area,province,lon,lat,type,year
安庆,安庆市,安庆市,安庆市,安徽省,116.4122095,30.63851146,三线城市,2025
蚌墇,蚌埠市,蚌埠市,蚌埠市,安徽省,117.2973608,33.12967429,三线城市,2025
亳州,亳州市,亳州市,亳州市,安徽省,116.1909737,33.4387946,三线城市,2025
池州,池州市,池州市,池州市,安徽省,117.3565085,30.33298859,五线城市,2025
滁州,滁州市,滁州市,滁州市,安徽省,118.2048737,32.32659067,三线城市,2025
阜阳,阜阳市,阜阳市,阜阳市,安徽省,115.5002927,32.94150598,三线城市,2025
合肥,合肥市,合肥市,合肥市,安徽省,117.3391573,31.97258691,新一线城市,2025
淮北,淮北市,淮北市,淮北市,安徽省,116.745958,33.7188717,四线城市,2025
淮南,淮南市,淮南市,淮南市,安徽省,116.7392327,32.76848412,四线城市,2025
黄山,黄山市,黄山市,黄山市,安徽省,118.0905265,29.86683293,四线城市,2025
六安,六安市,六安市,六安市,安徽省,116.5025406,31.76031494,三线城市,2025
马鞍山,马鞍山市,马鞍山市,马鞍山市,安徽省,118.5647411,31.51065383,三线城市,2025
宿州,宿州市,宿州市,宿州市,安徽省,117.3102288,33.7626659,三线城市,2025
铜陵,铜陵市,铜陵市,铜陵市,安徽省,117.8918685,30.94856257,四线城市,2025
芜湖,芜湖市,芜湖市,芜湖市,安徽省,118.3372903,31.04890339,三线城市,2025
宣城,宣城市,宣城市,宣城市,安徽省,118.751927,30.6617043,四线城市,2025
北京,北京市,北京市,北京市,北京市,116.3642563,40.14212848,一线城市,2025
福州,福州市,福州市,福州市,福建省,119.2291265,26.08499448,二线城市,2025
龙岩,龙岩市,龙岩市,龙岩市,福建省,116.7384333,25.29371729,四线城市,2025
南平,南平市,南平市,南平市,福建省,118.1456435,27.26456657,四线城市,2025
宁德,宁德市,宁德市,宁德市,福建省,119.3873178,27.01129418,三线城市,2025
莆田,莆田市,莆田市,莆田市,福建省,118.8661004,25.47877765,三线城市,2025
泉州,泉州市,泉州市,泉州市,福建省,118.2905513,25.18492021,二线城市,2025
三明,三明市,三明市,三明市,福建省,117.4685947,26.23046165,四线城市,2025
厦门,厦门市,厦门市,厦门市,福建省,118.0157028,24.60161435,二线城市,2025
漳州,漳州市,漳州市,漳州市,福建省,117.4823335,24.35982116,三线城市,2025
白银,白银市,白银市,白银市,甘肃省,104.1854401,36.54949187,五线城市,2025
定西,定西市,定西市,定西市,甘肃省,104.4205828,35.13236149,五线城市,2025
甘南,甘南藏族自治州,甘南藏族自治州,甘南藏族自治州,甘肃省,102.7012528,34.4832506,五线城市,2025
嘉峪关,嘉峪关市,嘉峪关市,嘉峪关市,甘肃省,98.27426146,39.80161667,五线城市,2025
金昌,金昌市,金昌市,金昌市,甘肃省,102.1801148,38.49863434,五线城市,2025
酒泉,酒泉市,酒泉市,酒泉市,甘肃省,96.35550868,40.27631921,五线城市,2025
兰州,兰州市,兰州市,兰州市,甘肃省,103.5739616,36.11905651,三线城市,2025
临夏,临夏市,临夏回族自治州,临夏回族自治州,甘肃省,103.2099075,35.59815215,五线城市,2025
陇南,陇南市,陇南市,陇南市,甘肃省,105.2417774,33.58159295,五线城市,2025
平凉,平凉市,平凉市,平凉市,甘肃省,106.6973877,35.52997208,五线城市,2025
庆阳,庆阳市,庆阳市,庆阳市,甘肃省,107.594848,36.13523226,五线城市,2025
天水,天水市,天水市,天水市,甘肃省,105.7198868,34.58121872,四线城市,2025
武威,武威市,武威市,武威市,甘肃省,102.6323471,37.92670059,五线城市,2025
张掖,张掖市,张掖市,张掖市,甘肃省,100.4531632,38.93202972,五线城市,2025
潮州,潮州市,潮州市,潮州市,广东省,116.6398468,23.66458128,四线城市,2025
东莞,东莞市,东莞市,东莞市,广东省,113.8541012,22.94276792,新一线城市,2025
佛山,佛山市,佛山市,佛山市,广东省,112.9636028,22.98043708,新一线城市,2025
广州,广州市,广州市,广州市,广东省,113.5108525,23.37860335,一线城市,2025
河源,河源市,河源市,河源市,广东省,114.9671528,24.05729146,四线城市,2025
惠州,惠州市,惠州市,惠州市,广东省,114.4938199,23.23105938,二线城市,2025
江门,江门市,江门市,江门市,广东省,112.7482009,22.33143301,三线城市,2025
揭阳,揭阳市,揭阳市,揭阳市,广东省,116.0458631,23.37765073,三线城市,2025
茂名,茂名市,茂名市,茂名市,广东省,110.9129298,21.96343366,三线城市,2025
梅州,梅州市,梅州市,梅州市,广东省,116.1143354,24.26972426,四线城市,2025
清远,清远市,清远市,清远市,广东省,112.8930217,24.28105939,四线城市,2025
汕头,汕头市,汕头市,汕头市,广东省,116.6790924,23.35995482,三线城市,2025
汕尾,汕尾市,汕尾市,汕尾市,广东省,115.4980265,23.00311066,四线城市,2025
韶关,韶关市,韶关市,韶关市,广东省,113.5927506,24.80354307,四线城市,2025
深圳,深圳市,深圳市,深圳市,广东省,114.0691918,22.64850491,一线城市,2025
阳江,阳江市,阳江市,阳江市,广东省,111.7448819,22.07273093,四线城市,2025
云浮,云浮市,云浮市,云浮市,广东省,111.8122652,22.86217174,五线城市,2025
湛江,湛江市,湛江市,湛江市,广东省,109.8988528,21.12743054,三线城市,2025
肇庆,肇庆市,肇庆市,肇庆市,广东省,112.2857384,23.43003749,三线城市,2025
中山,中山市,中山市,中山市,广东省,113.367218,22.52240372,三线城市,2025
珠海,珠海市,珠海市,珠海市,广东省,113.4685516,22.22961617,二线城市,2025
百色,百色市,百色市,百色市,广西壮族自治区,106.6077957,23.89752006,四线城市,2025
北海,北海市,北海市,北海市,广西壮族自治区,109.2551631,21.6733892,四线城市,2025
崇左,崇左市,崇左市,崇左市,广西壮族自治区,107.3060413,22.5537582,五线城市,2025
防城港,防城港市,防城港市,防城港市,广西壮族自治区,107.9654469,21.87544042,五线城市,2025
贵港,贵港市,贵港市,贵港市,广西壮族自治区,109.8541299,23.2373043,五线城市,2025
桂林,桂林市,桂林市,桂林市,广西壮族自治区,110.2947159,25.24439048,三线城市,2025
河池,河池市,河池市,河池市,广西壮族自治区,107.8531845,24.68495435,五线城市,2025
贺州,贺州市,贺州市,贺州市,广西壮族自治区,111.3617213,24.32118217,五线城市,2025
来宾,来宾市,来宾市,来宾市,广西壮族自治区,109.2920941,23.65607469,五线城市,2025
柳州,柳州市,柳州市,柳州市,广西壮族自治区,109.3805973,24.77435899,三线城市,2025
南宁,南宁市,南宁市,南宁市,广西壮族自治区,108.308197,22.82934379,二线城市,2025
钦州,钦州市,钦州市,钦州市,广西壮族自治区,108.9577838,22.08409322,五线城市,2025
梧州,梧州市,梧州市,梧州市,广西壮族自治区,111.0102572,23.46689823,五线城市,2025
玉林,玉林市,玉林市,玉林市,广西壮族自治区,110.2357242,22.37438082,四线城市,2025
安顺,安顺市,安顺市,安顺市,贵州省,105.9506749,25.96712855,五线城市,2025
毕节,毕节市,毕节市,毕节市,贵州省,105.2553379,27.06850834,四线城市,2025
贵阳,贵阳市,贵阳市,贵阳市,贵州省,106.6293746,26.87421713,二线城市,2025
六盘水,六盘水市,六盘水市,六盘水市,贵州省,104.8696464,26.26978825,五线城市,2025
黔东南,黔东南苗族侗族自治州,黔东南苗族侗族自治州,黔东南苗族侗族自治州,贵州省,108.5590103,26.49818085,四线城市,2025
黔南,黔南布依族苗族自治州,黔南布依族苗族自治州,黔南布依族苗族自治州,贵州省,107.2118129,25.97311037,四线城市,2025
黔西南,黔西南布依族苗族自治州,黔西南布依族苗族自治州,黔西南布依族苗族自治州,贵州省,105.4869848,25.29579017,五线城市,2025
铜仁,铜仁市,铜仁市,铜仁市,贵州省,108.6358358,27.87578038,四线城市,2025
遵义,遵义市,遵义市,遵义市,贵州省,107.0820878,28.06317417,三线城市,2025
儋州,儋州市,儋州市,儋州市,海南省,109.580811,19.521134,五线城市,2025
海口,海口市,海口市,海口市,海南省,110.4246432,19.83555769,三线城市,2025
三沙,三沙市,三沙市,三沙市,海南省,111.9352598,16.5114529,五线城市,2025
三亚,三亚市,三亚市,三亚市,海南省,109.4089361,18.3898141,三线城市,2025
保定,保定市,保定市,保定市,河北省,115.1826393,39.09570522,二线城市,2025
沧州,沧州市,沧州市,沧州市,河北省,116.8653793,38.30565262,三线城市,2025
承德,承德市,承德市,承德市,河北省,117.5754448,41.28365223,四线城市,2025
邯单,邯郸市,邯郸市,邯郸市,河北省,114.4786911,36.61172103,三线城市,2025
衡水,衡水市,衡水市,衡水市,河北省,115.6912308,37.73919297,四线城市,2025
廊坊,廊坊市,廊坊市,廊坊市,河北省,116.7047653,39.51626588,三线城市,2025
秦皇岛,秦皇岛市,秦皇岛市,秦皇岛市,河北省,119.2416425,40.13076221,四线城市,2025
石家庄,石家庄,石家庄市,石家庄市,河北省,114.454576,38.03531228,二线城市,2025
唐山,唐山市,唐山市,唐山市,河北省,118.3322505,39.77956086,三线城市,2025
邢台,邢台市,邢台市,邢台市,河北省,114.9186952,37.3266666,三线城市,2025
张家口,张家口市,张家口市,张家口市,河北省,114.881279,40.81110001,四线城市,2025
安阳,安阳市,安阳市,安阳市,河南省,114.443764,35.96642307,三线城市,2025
鹤壁,鹤壁市,鹤壁市,鹤壁市,河南省,114.2784481,35.63173817,五线城市,2025
焦作,焦作市,焦作市,焦作市,河南省,113.1064312,35.12305832,四线城市,2025
开封,开封市,开封市,开封市,河南省,114.4733056,34.56448772,四线城市,2025
洛阳,洛阳市,洛阳市,洛阳市,河南省,111.9585574,34.30936541,二线城市,2025
漯河,漯河市,漯河市,漯河市,河南省,114.0361176,33.56509781,五线城市,2025
南阳,南阳市,南阳市,南阳市,河南省,112.2613129,33.06018422,三线城市,2025
平顶山,平顶山市,平顶山市,平顶山市,河南省,113.0132206,33.83798795,四线城市,2025
濮阳,濮阳市,濮阳市,濮阳市,河南省,115.0131988,35.76625061,四线城市,2025
三门峡,三门峡市,三门峡市,三门峡市,河南省,110.9547575,34.40143068,五线城市,2025
商丘,商丘市,商丘市,商丘市,河南省,115.7282476,34.3000245,三线城市,2025
新乡,新乡市,新乡市,新乡市,河南省,114.0413295,35.19403764,三线城市,2025
信阳,信阳市,信阳市,信阳市,河南省,114.8003096,32.08228092,三线城市,2025
许昌,许昌市,许昌市,许昌市,河南省,113.8135986,34.02744293,四线城市,2025
郑州,郑州市,郑州市,郑州市,河南省,113.6287063,34.75592281,新一线城市,2025
周口,周口市,周口市,周口市,河南省,114.8593144,33.66041586,三线城市,2025
驻马店,驻马店市,驻马店市,驻马店市,河南省,114.0308991,32.9774475,三线城市,2025
大庆,大庆市,大庆市,大庆市,黑龙江省,124.6342251,46.31499101,四线城市,2025
大兴安岭,大兴安岭地区,大兴安岭地区,大兴安岭地区,黑龙江省,124.5035399,52.42192505,五线城市,2025
哈尔滨,哈尔滨市,哈尔滨市,哈尔滨市,黑龙江省,127.9940375,45.74157754,二线城市,2025
鹤岗,鹤岗市,鹤岗市,鹤岗市,黑龙江省,130.7776875,47.59398388,五线城市,2025
黑河,黑河市,黑河市,黑河市,黑龙江省,126.909151,49.28197514,五线城市,2025
鸡西,鸡西市,鸡西市,鸡西市,黑龙江省,132.3518564,45.65658254,五线城市,2025
佳木斯,佳木斯市,佳木斯市,佳木斯市,黑龙江省,130.9259191,47.06372291,五线城市,2025
牡丹江,牡丹江市,牡丹江市,牡丹江市,黑龙江省,129.90079,44.66524615,五线城市,2025
七台河,七台河市,七台河市,七台河市,黑龙江省,130.9451784,45.86153896,五线城市,2025
齐齐哈尔,齐齐哈尔市,齐齐哈尔市,齐齐哈尔市,黑龙江省,124.3164269,47.79040152,四线城市,2025
双鸭山,双鸭山市,双鸭山市,双鸭山市,黑龙江省,132.2928222,46.44917193,五线城市,2025
绥化,绥化市,绥化市,绥化市,黑龙江省,126.7246185,47.02307606,五线城市,2025
伊春,伊春市,伊春市,伊春市,黑龙江省,129.1739611,47.74292722,五线城市,2025
鄂州,鄂州市,鄂州市,鄂州市,湖北省,114.7663772,30.44330614,五线城市,2025
恩施,恩施土家族苗族自治州,恩施土家族苗族自治州,恩施土家族苗族自治州,湖北省,109.3788343,30.13452573,四线城市,2025
黄冈,黄冈市,黄冈市,黄冈市,湖北省,115.4195779,30.79774128,三线城市,2025
黄石,黄石市,黄石市,黄石市,湖北省,115.0021792,29.89634768,四线城市,2025
荆门,荆门市,荆门市,荆门市,湖北省,112.1810799,30.88027506,四线城市,2025
井少州,荆州市,荆州市,荆州市,湖北省,112.4341648,29.99686427,三线城市,2025
十堰,十堰市,十堰市,十堰市,湖北省,110.4214296,32.32943122,四线城市,2025
随州,随州市,随州市,随州市,湖北省,113.3853672,31.75950059,五线城市,2025
武汉,武汉市,武汉市,武汉市,湖北省,114.3116814,30.60809184,新一线城市,2025
咸宁,咸宁市,咸宁市,咸宁市,湖北省,114.291565,29.64195362,四线城市,2025
襄阳,襄阳市,襄阳市,襄阳市,湖北省,111.8949152,31.94637838,三线城市,2025
孝感,孝感市,孝感市,孝感市,湖北省,113.7573836,30.93511736,四线城市,2025
宜昌,宜昌市,宜昌市,宜昌市,湖北省,111.2772446,30.70606614,三线城市,2025
常德,常德市,常德市,常德市,湖南省,111.7019296,29.24390435,三线城市,2025
郴州,郴州市,郴州市,郴州市,湖南省,113.0014684,25.82552041,四线城市,2025
衡阳,衡阳市,衡阳市,衡阳市,湖南省,112.603569,26.89841842,三线城市,2025
怀化,怀化市,怀化市,怀化市,湖南省,109.9630203,27.55488204,四线城市,2025
娄底,娄底市,娄底市,娄底市,湖南省,111.514505,27.79660112,四线城市,2025
邵阳,邵阳市,邵阳市,邵阳市,湖南省,110.8857224,26.93590199,四线城市,2025
湘潭,湘潭市,湘潭市,湘潭市,湖南省,112.6116478,27.72891448,四线城市,2025
湘西,湘西土家族苗族自治州,湘西土家族苗族自治州,湘西土家族苗族自治州,湖南省,109.6824865,28.69021772,五线城市,2025
益阳,益阳市,益阳市,益阳市,湖南省,112.1603692,28.49834536,四线城市,2025
永州,永州市,永州市,永州市,湖南省,111.795201,25.59279385,四线城市,2025
岳阳,岳阳市,岳阳市,岳阳市,湖南省,113.2654187,29.08715224,三线城市,2025
张家界,张家界市,张家界市,张家界市,湖南省,110.5342546,29.32264453,五线城市,2025
长沙,长沙市,长沙市,长沙市,湖南省,113.1898412,28.2228319,新一线城市,2025
株洲,株洲市,株洲市,株洲市,湖南省,113.4470619,27.10303731,三线城市,2025
白城,白城市,白城市,白城市,吉林省,123.1114335,45.32964789,五线城市,2025
白山,白山市,白山市,白山市,吉林省,127.2540051,42.09844841,五线城市,2025
吉林,吉林市,吉林市,吉林市,吉林省,126.8361678,43.57589622,四线城市,2025
辽源,辽源市,辽源市,辽源市,吉林省,125.3017089,42.86780964,五线城市,2025
四平,四平市,四平市,四平市,吉林省,124.4659047,43.54233294,五线城市,2025
松原,松原市,松原市,松原市,吉林省,124.2628824,44.79816371,五线城市,2025
通化,通化市,通化市,通化市,吉林省,125.8025885,42.02760088,五线城市,2025
延边,延边朝鲜族自治州,延边朝鲜族自治州,延边朝鲜族自治州,吉林省,129.055535,43.29485801,五线城市,2025
长春,长春市,长春市,长春市,吉林省,125.4776463,44.29667146,二线城市,2025
常州,常州市,常州市,常州市,江苏省,119.6857071,31.67720715,二线城市,2025
淮安,淮安市,淮安市,淮安市,江苏省,119.2547265,33.49691296,三线城市,2025
连云港,连云港市,连云港市,连云港市,江苏省,119.1567612,34.59871673,三线城市,2025
南京,南京市,南京市,南京市,江苏省,118.8012624,31.94774195,新一线城市,2025
南通,南通市,南通市,南通市,江苏省,120.9059504,32.25183644,二线城市,2025
苏州,苏州市,苏州市,苏州市,江苏省,120.6132889,31.3097515,新一线城市,2025
宿迀,宿迁市,宿迁市,宿迁市,江苏省,118.4694714,33.72829376,三线城市,2025
泰州,泰州市,泰州市,泰州市,江苏省,120.0759184,32.49320864,三线城市,2025
无锡,无锡市,无锡市,无锡市,江苏省,120.2893372,31.57850265,二线城市,2025
徐州,徐州市,徐州市,徐州市,江苏省,117.3504287,34.29203507,二线城市,2025
盐城,盐城市,盐城市,盐城市,江苏省,120.1725701,33.58727729,三线城市,2025
扬州,扬州市,扬州市,扬州市,江苏省,119.4505105,32.65949763,三线城市,2025
镇江,镇江市,镇江市,镇江市,江苏省,119.462677,32.05638303,三线城市,2025
抚州,抚州市,抚州市,抚州市,江西省,116.4484658,27.54105246,四线城市,2025
赣州,赣州市,赣州市,赣州市,江西省,115.1876242,25.78835562,三线城市,2025
吉安,吉安市,吉安市,吉安市,江西省,114.9798355,27.11717033,四线城市,2025
景徳镇,景德镇市,景德镇市,景德镇市,江西省,117.2083969,29.29463768,四线城市,2025
九江,九江市,九江市,九江市,江西省,115.4081514,29.2748508,三线城市,2025
南昌,南昌市,南昌市,南昌市,江西省,115.8859203,28.65856496,二线城市,2025
萍乡,萍乡市,萍乡市,萍乡市,江西省,113.8437958,27.63506889,五线城市,2025
上饶,上饶市,上饶市,上饶市,江西省,117.336759,28.68644517,三线城市,2025
新余,新余市,新余市,新余市,江西省,114.9339295,27.80429648,五线城市,2025
宜春,宜春市,宜春市,宜春市,江西省,114.8326479,28.39867818,三线城市,2025
鹰潭,鹰潭市,鹰潭市,鹰潭市,江西省,117.0313492,28.24092102,五线城市,2025
鞍山,鞍山市,鞍山市,鞍山市,辽宁省,122.9996697,40.69640253,四线城市,2025
本溪,本溪市,本溪市,本溪市,辽宁省,124.4883923,41.22753238,五线城市,2025
朝阳,朝阳市,朝阳市,朝阳市,辽宁省,120.1328634,41.46667444,五线城市,2025
大连,大连市,大连市,大连市,辽宁省,122.1961364,39.61879693,二线城市,2025
丹东,丹东市,丹东市,丹东市,辽宁省,124.3962027,40.67384451,五线城市,2025
抚顺,抚顺市,抚顺市,抚顺市,辽宁省,124.5453015,41.76467402,五线城市,2025
阜新,阜新市,阜新市,阜新市,辽宁省,121.915903,42.32029456,五线城市,2025
葫芦岛,葫芦岛市,葫芦岛市,葫芦岛市,辽宁省,120.0627413,40.64770922,五线城市,2025
锦州,锦州市,锦州市,锦州市,辽宁省,121.418511,41.47401217,四线城市,2025
辽阳,辽阳市,辽阳市,辽阳市,辽宁省,123.1712347,41.20181011,五线城市,2025
盘锦,盘锦市,盘锦市,盘锦市,辽宁省,121.9319392,41.19521801,五线城市,2025
沈阳,沈阳市,沈阳市,沈阳市,辽宁省,123.140679,41.8679569,二线城市,2025
铁岭,铁岭市,铁岭市,铁岭市,辽宁省,124.2342689,42.62805398,五线城市,2025
营口,营口市,营口市,营口市,辽宁省,122.2269134,40.67216492,四线城市,2025
阿拉善,阿拉善盟,阿拉善盟,阿拉善盟,内蒙古自治区,102.7567469,40.62506704,五线城市,2025
巴彦淖尔,巴彦淖尔市,巴彦淖尔市,巴彦淖尔市,内蒙古自治区,107.4628783,41.52997821,五线城市,2025
包头,包头市,包头市,包头市,内蒙古自治区,110.2759534,41.62124692,四线城市,2025
赤峰,赤峰市,赤峰市,赤峰市,内蒙古自治区,118.8206609,43.27325813,四线城市,2025
鄂尔多斯,鄂尔多斯市,鄂尔多斯市,鄂尔多斯市,内蒙古自治区,108.3182285,39.43138837,四线城市,2025
呼和浩特,呼和浩特市,呼和浩特市,呼和浩特市,内蒙古自治区,111.4312593,40.58909468,三线城市,2025
呼伦贝尔,呼伦贝尔市,呼伦贝尔市,呼伦贝尔市,内蒙古自治区,121.8456684,49.62619778,五线城市,2025
通辽,通辽市,通辽市,通辽市,内蒙古自治区,122.2605667,43.61291504,五线城市,2025
乌海,乌海市,乌海市,乌海市,内蒙古自治区,106.7842419,39.5134495,五线城市,2025
乌兰察布,乌兰察布市,乌兰察布市,乌兰察布市,内蒙古自治区,112.3876038,41.73627961,五线城市,2025
锡林郭勒,锡林郭勒盟,锡林郭勒盟,锡林郭勒盟,内蒙古自治区,114.8097409,44.19760619,五线城市,2025
兴安,兴安盟,兴安盟,兴安盟,内蒙古自治区,120.9214705,46.41666074,五线城市,2025
固原,固原市,固原市,固原市,宁夏回族自治区,106.1126262,35.96559453,五线城市,2025
石嘴山,石嘴山市,石嘴山市,石嘴山市,宁夏回族自治区,106.4101905,39.12847774,五线城市,2025
吴忠,吴忠市,吴忠市,吴忠市,宁夏回族自治区,106.2149934,37.81651346,五线城市,2025
银川,银川市,银川市,银川市,宁夏回族自治区,106.3775389,38.21489561,三线城市,2025
中卫,中卫市,中卫市,中卫市,宁夏回族自治区,105.2563059,36.9908591,五线城市,2025
果洛,果洛藏族自治州,果洛藏族自治州,果洛藏族自治州,青海省,99.43347885,34.17852905,五线城市,2025
海北,海北藏族自治州,海北藏族自治州,海北藏族自治州,青海省,100.3726006,37.75252265,五线城市,2025
海东,海东市,海东市,海东市,青海省,102.2942585,36.32511655,五线城市,2025
海南,海南藏族自治州,海南藏族自治州,海南藏族自治州,青海省,100.3896283,35.96508967,五线城市,2025
海西,海西蒙古族藏族自治州,海西蒙古族藏族自治州,海西蒙古族藏族自治州,青海省,95.03290376,37.40843327,五线城市,2025
黄南,黄南藏族自治州,黄南藏族自治州,黄南藏族自治州,青海省,101.4675936,34.95381282,五线城市,2025
西宁,西宁市,西宁市,西宁市,青海省,101.4991532,36.79329354,四线城市,2025
玉树,玉树市,玉树藏族自治州,玉树藏族自治州,青海省,96.74864982,32.92311032,五线城市,2025
滨州,滨州市,滨州市,滨州市,山东省,117.795259,37.55109328,四线城市,2025
德州,德州市,德州市,德州市,山东省,116.5521909,37.19796468,三线城市,2025
东营,东营市,东营市,东营市,山东省,118.5508351,37.59233702,四线城市,2025
菏泽,菏泽市,菏泽市,菏泽市,山东省,115.640021,35.15761652,三线城市,2025
济南,济南市,济南市,济南市,山东省,117.1718218,36.68624624,二线城市,2025
济宁,济宁市,济宁市,济宁市,山东省,116.5890732,35.40844727,三线城市,2025
聊城,聊城市,聊城市,聊城市,山东省,115.9720612,36.45370865,三线城市,2025
临沂,临沂市,临沂市,临沂市,山东省,118.2470356,35.31002913,二线城市,2025
青岛,青岛市,青岛市,青岛市,山东省,120.2205422,36.60086699,新一线城市,2025
日照,日照市,日照市,日照市,山东省,119.1710608,35.62567622,四线城市,2025
泰安,泰安市,泰安市,泰安市,山东省,117.1671451,36.0223616,三线城市,2025
威海,威海市,威海市,威海市,山东省,121.9065251,37.18456062,三线城市,2025
濰坊,潍坊市,潍坊市,潍坊市,山东省,119.0919237,36.54765877,二线城市,2025
烟台,烟台市,烟台市,烟台市,山东省,121.0007547,37.21626087,二线城市,2025
枣庄,枣庄市,枣庄市,枣庄市,山东省,117.3818866,34.94764884,四线城市,2025
淄博,淄博市,淄博市,淄博市,山东省,117.9971423,36.57648518,三线城市,2025
大同,大同市,大同市,大同市,山西省,113.6700585,39.9715468,四线城市,2025
晋城,晋城市,晋城市,晋城市,山西省,112.6851441,35.65200688,四线城市,2025
晋中,晋中市,晋中市,晋中市,山西省,113.0998835,37.36443976,四线城市,2025
临汾,临汾市,临汾市,临汾市,山西省,111.5164185,36.07991409,四线城市,2025
吕梁,吕梁市,吕梁市,吕梁市,山西省,111.2788662,37.74092489,四线城市,2025
朔州,朔州市,朔州市,朔州市,山西省,112.5616723,39.5126638,五线城市,2025
太原,太原市,太原市,太原市,山西省,112.4950638,37.86388778,二线城市,2025
忻州,忻州市,忻州市,忻州市,山西省,112.2589378,38.74990276,五线城市,2025
阳泉,阳泉市,阳泉市,阳泉市,山西省,113.5112809,38.01683752,五线城市,2025
运城,运城市,运城市,运城市,山西省,110.9897995,35.02643204,四线城市,2025
长治,长治市,长治市,长治市,山西省,113.1088791,36.19382858,四线城市,2025
安康,安康市,安康市,安康市,陕西省,109.0219727,32.69929122,五线城市,2025
宝鸡,宝鸡市,宝鸡市,宝鸡市,陕西省,107.0953009,34.2972558,四线城市,2025
汉中,汉中市,汉中市,汉中市,陕西省,107.0229721,33.07500457,四线城市,2025
商洛,商洛市,商洛市,商洛市,陕西省,109.7890809,33.5532287,五线城市,2025
铜川,铜川市,铜川市,铜川市,陕西省,109.1466419,35.28951235,五线城市,2025
渭南,渭南市,渭南市,渭南市,陕西省,109.766334,34.90843275,四线城市,2025
西安,西安市,西安市,西安市,陕西省,108.7809979,34.12254806,新一线城市,2025
咸阳,咸阳市,咸阳市,咸阳市,陕西省,108.4503871,34.80625486,三线城市,2025
延安,延安市,延安市,延安市,陕西省,109.484848,36.58567047,五线城市,2025
榆林,榆林市,榆林市,榆林市,陕西省,109.7499008,38.29196167,四线城市,2025
上海,上海市,上海市,上海市,上海市,121.4383822,31.25246203,一线城市,2025
阿坝,阿坝藏族羌族自治州,阿坝藏族羌族自治州,阿坝藏族羌族自治州,四川省,102.5343423,32.35160669,五线城市,2025
巴中,巴中市,巴中市,巴中市,四川省,106.6481757,31.76170639,五线城市,2025
成都,成都市,成都市,成都市,四川省,103.8470588,30.62388107,新一线城市,2025
达州,达州市,达州市,达州市,四川省,107.6111374,31.3435841,四线城市,2025
德阳,德阳市,德阳市,德阳市,四川省,104.4293872,31.21863563,四线城市,2025
甘孜,甘孜藏族自治州,甘孜藏族自治州,甘孜藏族自治州,四川省,100.2451848,30.76972161,五线城市,2025
广安,广安市,广安市,广安市,四川省,106.5513403,30.49460861,五线城市,2025
广元,广元市,广元市,广元市,四川省,105.8076115,32.30965893,五线城市,2025
乐山,乐山市,乐山市,乐山市,四川省,103.5057569,29.16213857,四线城市,2025
凉山,凉山彝族自治州,凉山彝族自治州,凉山彝族自治州,四川省,101.9699374,27.86090397,四线城市,2025
泸州,泸州市,泸州市,泸州市,四川省,105.4480438,28.88768768,四线城市,2025
眉山,眉山市,眉山市,眉山市,四川省,103.7272666,30.0502577,四线城市,2025
绵阳,绵阳市,绵阳市,绵阳市,四川省,104.744606,31.46738625,三线城市,2025
南充,南充市,南充市,南充市,四川省,106.1895304,31.15659088,四线城市,2025
内江,内江市,内江市,内江市,四川省,105.0639725,29.58338164,五线城市,2025
攀枝花,攀枝花市,攀枝花市,攀枝花市,四川省,101.7956986,26.80900928,五线城市,2025
遂宁,遂宁市,遂宁市,遂宁市,四川省,105.4566759,30.60083614,四线城市,2025
雅安,雅安市,雅安市,雅安市,四川省,102.6605249,29.94496176,五线城市,2025
宜宾,宜宾市,宜宾市,宜宾市,四川省,104.6604526,28.87096538,四线城市,2025
资阳,资阳市,资阳市,资阳市,四川省,104.7913846,30.09361946,五线城市,2025
自贡,自贡市,自贡市,自贡市,四川省,104.7855492,29.27537482,五线城市,2025
天津,天津市,天津市,天津市,天津市,117.3540483,39.37453442,新一线城市,2025
阿里,阿里地区,阿里地区,阿里地区,西藏自治区,81.93278837,32.87819364,五线城市,2025
昌都,昌都地区,昌都市,昌都市,西藏自治区,97.33779706,30.63520055,五线城市,2025
拉萨,拉萨市,拉萨市,拉萨市,西藏自治区,91.06200347,30.03935155,四线城市,2025
林芝,林芝地区,林芝市,林芝市,西藏自治区,95.5616277,29.79821992,五线城市,2025
那曲,那曲地区,那曲市,那曲市,西藏自治区,88.24482725,32.71857323,五线城市,2025
日喀则,日喀则市,日喀则市,日喀则市,西藏自治区,88.87947083,29.2771492,五线城市,2025
山南,山南地区,山南市,山南市,西藏自治区,91.61435833,28.67778107,五线城市,2025
阿克苏,阿克苏市,阿克苏地区,阿克苏地区,新疆维吾尔自治区,81.2268911,40.65810893,五线城市,2025
阿勒泰,阿勒泰市,阿勒泰地区,阿勒泰地区,新疆维吾尔自治区,87.8432199,47.80067242,五线城市,2025
巴音郭楞,巴音郭楞蒙古自治州,巴音郭楞蒙古自治州,巴音郭楞蒙古自治州,新疆维吾尔自治区,85.55520377,41.60532438,五线城市,2025
博尔塔拉,博尔塔拉蒙古自治州,博尔塔拉蒙古自治州,博尔塔拉蒙古自治州,新疆维吾尔自治区,82.13991797,44.70477713,五线城市,2025
昌吉,昌吉市,昌吉回族自治州,昌吉回族自治州,新疆维吾尔自治区,87.21889328,44.08125891,五线城市,2025
哈密,哈密市,哈密市,哈密市,新疆维吾尔自治区,93.70944086,42.22932132,五线城市,2025
和田,和田市,和田地区,和田地区,新疆维吾尔自治区,79.92813872,37.11303712,五线城市,2025
喀什,喀什市,喀什地区,喀什地区,新疆维吾尔自治区,76.15674553,39.48362965,四线城市,2025
克拉玛依,克拉玛依市,克拉玛依市,克拉玛依市,新疆维吾尔自治区,85.04218825,45.39317837,五线城市,2025
克孜勒苏,克孜勒苏柯尔克孜自治州,克孜勒苏柯尔克孜自治州,克孜勒苏柯尔克孜自治州,新疆维吾尔自治区,75.39402354,39.86360329,五线城市,2025
塔城,塔城市,塔城地区,塔城地区,新疆维吾尔自治区,82.97526549,46.751606,五线城市,2025
吐鲁番,吐鲁番市,吐鲁番市,吐鲁番市,新疆维吾尔自治区,89.22129414,42.45172825,五线城市,2025
乌鲁木齐,乌鲁木齐市,乌鲁木齐市,乌鲁木齐市,新疆维吾尔自治区,87.53410206,43.72634071,三线城市,2025
伊犁,伊犁哈萨克自治州,伊犁哈萨克自治州,伊犁哈萨克自治州,新疆维吾尔自治区,81.90063143,43.39171216,五线城市,2025
保山,保山市,保山市,保山市,云南省,98.94674321,25.00259447,五线城市,2025
楚雄,楚雄彝族自治州,楚雄彝族自治州,楚雄彝族自治州,云南省,101.6016447,25.38374525,五线城市,2025
大理,大理市,大理白族自治州,大理白族自治州,云南省,100.2305292,25.73658551,四线城市,2025
德宏,德宏傣族景颇族自治州,德宏傣族景颇族自治州,德宏傣族景颇族自治州,云南省,98.06401134,24.59144848,五线城市,2025
迪庆,迪庆藏族自治州,迪庆藏族自治州,迪庆藏族自治州,云南省,99.43394281,27.95151812,五线城市,2025
红河,红河哈尼族彝族自治州,红河哈尼族彝族自治州,红河哈尼族彝族自治州,云南省,102.9234809,23.35917995,四线城市,2025
昆明,昆明市,昆明市,昆明市,云南省,102.8447091,25.48096988,二线城市,2025
丽江,丽江市,丽江市,丽江市,云南省,100.5119279,26.91896964,五线城市,2025
临沧,临沧市,临沧市,临沧市,云南省,99.60168411,23.81993882,五线城市,2025
怒江,怒江傈僳族自治州,怒江傈僳族自治州,怒江傈僳族自治州,云南省,99.07037776,26.74543993,五线城市,2025
普洱,普洱市,普洱市,普洱市,云南省,100.6200414,23.1255264,五线城市,2025
曲靖,曲靖市,曲靖市,曲靖市,云南省,103.7961044,25.4945507,四线城市,2025
文山,文山壮族苗族自治州,文山壮族苗族自治州,文山壮族苗族自治州,云南省,104.8160616,23.71803825,五线城市,2025
西双版纳,西双版纳傣族自治州,西双版纳傣族自治州,西双版纳傣族自治州,云南省,100.794014,22.0131111,五线城市,2025
玉溪,玉溪市,玉溪市,玉溪市,云南省,102.5428238,24.35726736,四线城市,2025
昭通,昭通市,昭通市,昭通市,云南省,103.8656041,27.7544362,五线城市,2025
杭州,杭州市,杭州市,杭州市,浙江省,119.5027086,29.91039766,新一线城市,2025
湖州,湖州市,湖州市,湖州市,浙江省,120.1089252,30.79857777,三线城市,2025
嘉兴,嘉兴市,嘉兴市,嘉兴市,浙江省,120.7502233,30.71801354,二线城市,2025
金华,金华市,金华市,金华市,浙江省,119.5656947,28.99613616,二线城市,2025
丽水,丽水市,丽水市,丽水市,浙江省,119.4827826,28.26264748,四线城市,2025
宁波,宁波市,宁波市,宁波市,浙江省,121.3409898,29.76611657,新一线城市,2025
衢州,衢州市,衢州市,衢州市,浙江省,118.7457315,28.95306512,三线城市,2025
绍兴,绍兴市,绍兴市,绍兴市,浙江省,120.6058351,29.7089902,二线城市,2025
台州,台州市,台州市,台州市,浙江省,121.1525284,28.77367123,二线城市,2025
温州,温州市,温州市,温州市,浙江省,120.4769751,27.96761446,二线城市,2025
舟山,舟山市,舟山市,舟山市,浙江省,122.0773061,30.07544069,四线城市,2025
重庆,重庆市,重庆市,重庆市,重庆市,107.5871774,29.78568436,新一线城市,2025
